Transaction_Amount,Transaction_Time,Previous_Transactions,Location_Risk,Fraud_Label
196.63651974920054,7.0,3.0,0.30070886921563733,0.0
4266.397757886309,0.0,49.0,0.8577268658677404,1.0
2850.7191426784257,0.0,49.0,0.7522245025934288,1.0
184.48739568994466,7.0,9.0,0.3235159938254154,0.0
475.5303638548944,16.0,8.0,0.11049492999006123,0.0
485.04051230493076,20.0,6.0,0.16466218418268097,0.0
236.64201090524247,15.0,5.0,0.08535733919027583,0.0
434.3713058552001,21.0,7.0,0.22953650164180536,0.0
1262.8345577134096,23.0,41.0,0.8120560530699062,1.0
264.2074046542494,19.0,4.0,0.2372058001442391,0.0
4355.592345783736,3.0,42.0,0.9579471506173828,1.0
387.92246987611344,17.0,4.0,0.38881010259863646,0.0
270.98246056296136,16.0,5.0,0.20266905959309833,0.0
1859.761514363027,3.0,31.0,0.8123441199904051,1.0
1471.0043315605644,23.0,41.0,0.9257914882215508,1.0
1342.0341234178723,0.0,46.0,0.7802802396585122,1.0
446.1026174906075,15.0,8.0,0.33068586397240735,0.0
1416.4343279382954,2.0,46.0,0.8595667237022542,1.0
2246.888271182193,2.0,28.0,0.8994983548713321,1.0
132.6190201006517,20.0,1.0,0.07440920000226625,0.0
388.43601195046324,8.0,2.0,0.11809672099585687,0.0
326.13466730063044,14.0,4.0,0.09615295547979352,0.0
18.928694569259367,9.0,9.0,0.07269567628378519,0.0
143.96946524604604,6.0,3.0,0.17255225950962988,0.0
278.8795567896272,18.0,5.0,0.2892597945858518,0.0
364.0015364781376,13.0,9.0,0.10646720500621498,0.0
321.8411015192524,18.0,4.0,0.38829686147089926,0.0
3753.609585710944,23.0,33.0,0.8743045280125328,1.0
1725.7417403591894,1.0,47.0,0.8715736611551802,1.0
4600.07456739242,1.0,43.0,0.8213705969212052,1.0
321.1958889251455,20.0,6.0,0.2752177775344055,0.0
486.17322053327075,7.0,9.0,0.18338656982770313,0.0
112.58116843498804,16.0,6.0,0.34018864590433506,0.0
493.2432647950054,9.0,8.0,0.39603455042699287,0.0
59.38122067493906,9.0,2.0,0.14709346032204396,0.0
444.6723478899075,11.0,5.0,0.017664774471132506,0.0
147.18975589353926,15.0,8.0,0.2710163782014136,0.0
320.36641861519564,12.0,2.0,0.35841631986288763,0.0
1106.1288154952788,23.0,38.0,0.9248171358403476,1.0
169.41186207399952,12.0,9.0,0.30476272805296617,0.0
215.60403058961705,20.0,5.0,0.30160921397135293,0.0
266.1390863971771,15.0,9.0,0.21815244848732102,0.0
22.42186427357418,12.0,9.0,0.34632806608894207,0.0
1124.7325402451388,1.0,48.0,0.8108445802094141,1.0
51.82025784694632,21.0,4.0,0.35020449062104647,0.0
328.48232608110493,19.0,5.0,0.37617940229446906,0.0
2700.8540178769335,1.0,49.0,0.9036693175233521,1.0
146.50926612565974,14.0,8.0,0.20703852052620883,0.0
49.860902514530885,8.0,6.0,0.07212317416911125,0.0
2449.5755964665323,0.0,23.0,0.7335641849647371,1.0
261.8548496883073,7.0,7.0,0.2892513095530217,0.0
1887.8886477317978,0.0,31.0,0.846812934691201,1.0
495.126386551089,21.0,1.0,0.16057825236527745,0.0
251.1369836089737,9.0,5.0,0.12403381533710203,0.0
189.51730321390895,14.0,3.0,0.3965052906934533,0.0
307.6969774317048,12.0,4.0,0.36405385471285373,0.0
145.67004759212983,20.0,3.0,0.0392939968756322,0.0
20.086402204943198,12.0,9.0,0.2584384700020252,0.0
288.4712156343811,8.0,4.0,0.34757770091165807,0.0
4211.413794392046,0.0,30.0,0.7433162896401001,1.0
387.2968410183193,6.0,7.0,0.27033909858573457,0.0
302.9709896174317,12.0,6.0,0.21032503954932952,0.0
122.03497469669674,6.0,8.0,0.08178435442188473,0.0
88.79594519457434,6.0,5.0,0.15964007522948923,0.0
69.1115768392944,12.0,9.0,0.19274699170984666,0.0
258.729085555383,9.0,4.0,0.3139447291835521,0.0
306.8296614848747,7.0,8.0,0.2500116744340823,0.0
1620.96098372285,2.0,48.0,0.8046670225125471,1.0
388.39993695536214,10.0,4.0,0.21243413795409716,0.0
339.1333353588698,17.0,2.0,0.10212363060157266,0.0
380.22005788609385,16.0,6.0,0.09876297066703424,0.0
102.17936826464305,17.0,8.0,0.09832297572246121,0.0
78.02531459821097,7.0,4.0,0.39981756748763775,0.0
2205.5114966565684,3.0,33.0,0.7351198124272506,1.0
413.0742747232325,8.0,4.0,0.01691669968907248,0.0
299.50829767881527,6.0,3.0,0.37452846158766273,0.0
297.55214783023075,13.0,9.0,0.12353376960293634,0.0
225.67472193240465,20.0,3.0,0.031045857892576346,0.0
84.43231982102424,20.0,1.0,0.1347858902869826,0.0
168.24867174121053,9.0,2.0,0.2537358958844817,0.0
434.09849168805033,20.0,1.0,0.37399777273550616,0.0
79.0528702376337,17.0,3.0,0.3166881037045386,0.0
255.74298439672782,18.0,3.0,0.1867871999854443,0.0
403.07652056947944,18.0,8.0,0.23839553687339274,0.0
86.65415090883216,8.0,3.0,0.34358267416825183,0.0
264.9507734428587,11.0,1.0,0.1457416953712928,0.0
4800.94941528321,1.0,23.0,0.8040887979203675,1.0
2395.4730661719814,1.0,26.0,0.8816448007643214,1.0
2339.6224586283442,1.0,35.0,0.9808801418239658,1.0
309.7431656548326,12.0,2.0,0.3184962382251417,0.0
318.18199492214313,15.0,4.0,0.35170204593855386,0.0
283.61808237054447,9.0,2.0,0.04355732559241563,0.0
485.25805492915555,13.0,7.0,0.09147776376014592,0.0
328.3201205331352,13.0,4.0,0.2791025104293718,0.0
2603.4056670545597,23.0,43.0,0.8064582492238443,1.0
45.653873118454825,11.0,4.0,0.3714641148059532,0.0
1134.1297389431174,0.0,32.0,0.7981133932455453,1.0
444.7342438624,21.0,1.0,0.1951404788769626,0.0
184.80913007985873,13.0,4.0,0.15156411122352575,0.0
2385.383977463845,2.0,35.0,0.7603296182328002,1.0
4322.477631150917,3.0,22.0,0.9220484106284389,1.0
429.6800221822779,18.0,6.0,0.3795383823324522,0.0
1073.562706189867,1.0,29.0,0.9193949559109889,1.0
468.7158393387827,20.0,5.0,0.11598804757744362,0.0
229.23205974349278,19.0,7.0,0.19300016809414428,0.0
68.6834445914331,18.0,3.0,0.33731123637456095,0.0
439.5602653025891,14.0,5.0,0.01905650297460264,0.0
3952.134465705482,23.0,30.0,0.9543783651290045,1.0
29.97981936183432,19.0,3.0,0.1905933535113171,0.0
4793.813227848626,3.0,36.0,0.8487111250695674,1.0
37.62399335895429,13.0,9.0,0.2876639587778276,0.0
2592.6747743637734,1.0,40.0,0.8500240354814748,1.0
2981.965264824794,1.0,46.0,0.714597299098514,1.0
3365.101742979717,1.0,35.0,0.8913862788054217,1.0
367.5070273856514,7.0,2.0,0.12528250442806962,0.0
312.9268510249679,7.0,1.0,0.14170710593641864,0.0
136.39139758042626,10.0,6.0,0.3488193353788031,0.0
2985.4649888049453,1.0,45.0,0.8137679611541346,1.0
386.80383343845017,19.0,5.0,0.17204115061192005,0.0
72.25965119942354,13.0,9.0,0.37206838617536986,0.0
4320.879458267967,23.0,44.0,0.8903917769462142,1.0
279.2691523386304,20.0,8.0,0.37224272193861485,0.0
2647.363656589074,2.0,36.0,0.7222126653737043,1.0
311.35354108259315,10.0,7.0,0.2882620581132453,0.0
21.914823551412383,16.0,1.0,0.23330299698244625,0.0
313.9516801631977,11.0,2.0,0.20626376234258137,0.0
171.08828904087903,11.0,1.0,0.24385240466276079,0.0
474.15180291809077,18.0,6.0,0.2697395916093876,0.0
1727.7125219810846,23.0,38.0,0.8564798188034074,1.0
3828.9545372535945,23.0,46.0,0.8540833139632973,1.0
30.025621970574644,16.0,5.0,0.008268547556761785,0.0
3381.540069280175,0.0,41.0,0.8660140563597243,1.0
372.97662269956015,10.0,8.0,0.2886886210868717,0.0
1366.3282933065366,2.0,37.0,0.913970760425001,1.0
433.71396436497605,10.0,5.0,0.22532985681321868,0.0
461.71837516132723,8.0,4.0,0.2046725546326047,0.0
405.64567603039063,13.0,5.0,0.39988552166236563,0.0
126.25205287343204,7.0,3.0,0.21965213451086907,0.0
394.73622108257666,15.0,8.0,0.2779529494703837,0.0
12.705837390565176,13.0,8.0,0.23208860751401175,0.0
136.8021909840083,21.0,2.0,0.15369584805495254,0.0
483.6608613313981,20.0,8.0,0.34677338734075347,0.0
1724.9322646626406,0.0,38.0,0.8786078983775812,1.0
175.61762685725253,8.0,6.0,0.05197196981428052,0.0
2588.7341184738193,1.0,37.0,0.8746431422733395,1.0
3208.188723407921,23.0,32.0,0.7066424426417888,1.0
4939.364795849338,1.0,43.0,0.9745771554753468,1.0
17.57374209914504,17.0,2.0,0.3038445714799186,0.0
2333.9966867645767,23.0,37.0,0.8258168835000914,1.0
360.15200212303057,15.0,5.0,0.16631900027498006,0.0
170.47370256717818,14.0,9.0,0.24636476627068848,0.0
126.44239655627584,15.0,3.0,0.24230212125562267,0.0
1205.7032539370014,3.0,32.0,0.9787865206786178,1.0
67.36283804952687,16.0,3.0,0.1662568746743623,0.0
3216.7120100631737,0.0,28.0,0.7610309425408274,1.0
375.56199084005743,20.0,5.0,0.0052118271028335,0.0
142.70780311841636,16.0,9.0,0.04192322599902885,0.0
294.80672849708003,17.0,3.0,0.24044107824973132,0.0
200.45187194784617,6.0,7.0,0.37865777359741853,0.0
4199.664341492758,3.0,42.0,0.9368296582585574,1.0
242.24120372880745,13.0,7.0,0.05984057981078102,0.0
4507.062547046998,0.0,28.0,0.9421567956373564,1.0
254.23667747523805,19.0,2.0,0.21371622075747032,0.0
52.59094116283761,9.0,5.0,0.2162938268532417,0.0
3238.5613252328717,0.0,44.0,0.9486613828758876,1.0
101.41784178513983,14.0,1.0,0.37411883941813107,0.0
315.21633315131015,16.0,5.0,0.10169255349947824,0.0
101.65143679318645,13.0,7.0,0.08216056339121175,0.0
419.63025905098084,16.0,6.0,0.04439100983405924,0.0
225.0959961457617,11.0,9.0,0.19942831980228368,0.0
325.21122703675303,7.0,3.0,0.3049236128087755,0.0
266.3179436433729,14.0,6.0,0.30543162754662906,0.0
151.97821192774634,9.0,1.0,0.33072598951856763,0.0
4276.409270696799,3.0,32.0,0.8563219571525164,1.0
32.26872636731436,19.0,4.0,0.32190124879587795,0.0
277.3522267648081,17.0,4.0,0.10690105191743814,0.0
93.05144587618531,13.0,1.0,0.09386137671033974,0.0
57.61648194767658,16.0,9.0,0.3667166762809341,0.0
3305.1534406672527,2.0,47.0,0.9962978777023755,1.0
204.9492435324134,11.0,7.0,0.07657107219981701,0.0
237.21221842059126,10.0,6.0,0.16110575938490077,0.0
94.95306169442986,8.0,3.0,0.3927622792306157,0.0
21.403248510554675,21.0,1.0,0.2567439835421422,0.0
213.26155614545593,18.0,3.0,0.089956086726365,0.0
2658.496494908095,1.0,42.0,0.9417533597853499,1.0
354.4792898586372,13.0,3.0,0.23964823401613009,0.0
324.78544632109464,8.0,9.0,0.3624263542745461,0.0
199.1902925223794,20.0,3.0,0.05260730676655117,0.0
3605.6815534074567,2.0,43.0,0.7382159248001018,1.0
3496.9519836559684,23.0,45.0,0.8120664403143045,1.0
4495.560310250061,23.0,40.0,0.8453033278874525,1.0
2808.8717635592284,1.0,22.0,0.8408576626131588,1.0
149.05019384137498,12.0,6.0,0.2857643054506393,0.0
392.1390174702357,10.0,6.0,0.1367129618947047,0.0
119.89196163567429,8.0,4.0,0.009799379307060941,0.0
453.6371684454392,20.0,7.0,0.35843004471782935,0.0
17.052809428580375,19.0,7.0,0.05028970759689049,0.0
12.480176084647157,15.0,2.0,0.04176165189923258,0.0
50.06192565494723,17.0,4.0,0.38896799961604134,0.0
185.64820698669357,20.0,6.0,0.3909808471961472,0.0
32.760702232798884,21.0,7.0,0.15974749935787638,0.0
472.93520764238974,20.0,4.0,0.3615030287100569,0.0
309.20382079639995,19.0,7.0,0.3123983574459966,0.0
24.103511393536095,20.0,6.0,0.14104104237154327,0.0
4659.3836042724,3.0,28.0,0.9772080611277199,1.0
337.10329187530334,16.0,9.0,0.15227587246434632,0.0
419.2982228387266,12.0,7.0,0.24084679414191182,0.0
4054.4231766390435,2.0,32.0,0.9799381703224925,1.0
183.14259173276588,13.0,9.0,0.3578571190310538,0.0
3149.5824117516913,0.0,40.0,0.9355293142287122,1.0
275.92108074754174,17.0,7.0,0.1543498011580464,0.0
133.37332495442843,7.0,9.0,0.2983440154508048,0.0
1089.8772332804697,23.0,27.0,0.9318960163916761,1.0
2387.812807584911,1.0,39.0,0.8770697977452678,1.0
72.51434836982625,10.0,2.0,0.38460533559323395,0.0
381.34459412754086,7.0,8.0,0.37232291892659597,0.0
59.873411583997836,11.0,6.0,0.3265643139860123,0.0
427.97463317900645,14.0,1.0,0.3285727966570373,0.0
2367.2694067915036,1.0,32.0,0.9036935479114125,1.0
2018.5626190550554,1.0,33.0,0.8666486272317581,1.0
488.16751893664195,10.0,1.0,0.10758721263815439,0.0
2435.32193649401,0.0,23.0,0.8352059424816739,1.0
2049.0561771993002,2.0,35.0,0.7135957836882684,1.0
100.57868320750825,18.0,3.0,0.35586081320702656,0.0
2172.590921044053,23.0,31.0,0.793300748419804,1.0
368.6770314875885,19.0,2.0,0.036913916829302895,0.0
312.88283782436895,11.0,9.0,0.11827786961664169,0.0
256.53676670424295,13.0,3.0,0.2837531868349564,0.0
2685.698202369992,3.0,20.0,0.8244207480902412,1.0
426.3272214319316,20.0,9.0,0.3383398201839871,0.0
205.26731985471298,6.0,7.0,0.21752229114649496,0.0
2443.8955877601074,23.0,39.0,0.7621726899306634,1.0
350.9168576024624,18.0,6.0,0.24122572246820662,0.0
475.26510559224465,19.0,6.0,0.35309375226936884,0.0
474.9539132541333,15.0,5.0,0.18664311387888635,0.0
93.55682060677285,6.0,1.0,0.3232090519626212,0.0
256.2921756215442,10.0,1.0,0.34536030674280077,0.0
2557.182456167906,0.0,20.0,0.8540104630674746,1.0
451.2048480100319,15.0,7.0,0.3173576057221391,0.0
66.87559384838895,18.0,7.0,0.29483862017282053,0.0
303.3426572565479,21.0,3.0,0.23852860754414734,0.0
307.15023923319904,6.0,7.0,0.32877065437597186,0.0
32.157148352032806,14.0,5.0,0.1662415583629342,0.0
4689.9975247091825,3.0,23.0,0.8192344470697275,1.0
262.9871706675857,15.0,8.0,0.1901626431400295,0.0
47.720155816108566,19.0,4.0,0.14247425884703765,0.0
80.06592420588957,9.0,4.0,0.12076668003100073,0.0
46.281879349704276,12.0,6.0,0.0913946987019083,0.0
162.38133764067447,14.0,6.0,0.16566008973129073,0.0
238.14302888490548,16.0,9.0,0.37719352672641704,0.0
172.1400321777981,18.0,1.0,0.083545628282296,0.0
3778.785883417707,0.0,42.0,0.9032420244470418,1.0
4789.133358447261,2.0,44.0,0.7646033144147657,1.0
3672.3405462825845,1.0,36.0,0.7355245117527796,1.0
377.9268232178337,8.0,6.0,0.3960835574350486,0.0
147.16760950351198,21.0,7.0,0.14846464591429673,0.0
83.7042766407288,10.0,2.0,0.011007674056166117,0.0
2177.8630381676708,0.0,43.0,0.908988181365217,1.0
4578.208907576365,23.0,33.0,0.7342857309993938,1.0
86.4373149647393,8.0,5.0,0.3601285072297086,0.0
4258.2988809255285,0.0,33.0,0.9111376932971522,1.0
193.686583966615,8.0,1.0,0.2928490427371823,0.0
219.49509899568932,7.0,1.0,0.03528068151594828,0.0
351.5377130876813,17.0,1.0,0.10861881896449695,0.0
297.030034823997,12.0,8.0,0.28994259972600683,0.0
4447.142484054069,2.0,23.0,0.9383456900945472,1.0
3786.603295507569,1.0,28.0,0.9360308510071382,1.0
67.90076553461157,11.0,5.0,0.2652029384567104,0.0
448.65135046672765,20.0,3.0,0.2684221135439658,0.0
351.4012110284338,6.0,9.0,0.2193528144782616,0.0
233.27180886499934,8.0,7.0,0.2058734468485756,0.0
447.3539092600891,14.0,4.0,0.06609682017704128,0.0
1831.5450205841094,3.0,27.0,0.8007021499117178,1.0
154.279957114097,10.0,7.0,0.22186293921403824,0.0
422.63827233649727,13.0,5.0,0.38252803735501106,0.0
356.95556312006227,6.0,7.0,0.16507013043335866,0.0
365.71828264641726,8.0,7.0,0.0359248617131096,0.0
53.464241540957254,14.0,8.0,0.2513736189675996,0.0
315.41608214550337,9.0,7.0,0.03972088110147718,0.0
2382.783974015678,0.0,36.0,0.8067913097465182,1.0
73.15106373621812,15.0,3.0,0.10857543105368009,0.0
3260.5327343568356,3.0,49.0,0.7849914287274792,1.0
96.78423290945398,18.0,1.0,0.21959217977665674,0.0
24.94512247013422,11.0,1.0,0.27005602445986726,0.0
349.0286468694197,16.0,2.0,0.11213378431660836,0.0
4860.10764266605,2.0,47.0,0.8892101413476354,1.0
291.9823471591807,14.0,1.0,0.016662727353072972,0.0
50.91535118234769,10.0,9.0,0.15674331856363155,0.0
202.6178850867126,14.0,9.0,0.05807860515386412,0.0
3402.0674417346136,3.0,46.0,0.8229217709328817,1.0
1547.542520275229,0.0,36.0,0.946179627302976,1.0
4728.473129934449,2.0,33.0,0.8480502976463224,1.0
272.68721950861897,20.0,2.0,0.19787007583651334,0.0
481.46454875252556,18.0,4.0,0.33175665078340505,0.0
234.54391634084314,20.0,1.0,0.18196755580303484,0.0
119.56196087453179,14.0,4.0,0.1580823705239881,0.0
2089.2293060774755,1.0,49.0,0.964469036482227,1.0
181.94835615051855,18.0,4.0,0.017825529379471662,0.0
434.4263114297182,20.0,3.0,0.12843243883482006,0.0
128.6070830406352,9.0,3.0,0.2089776581621858,0.0
307.02557088093124,14.0,1.0,0.21780230761969122,0.0
51.57047990174404,6.0,1.0,0.183439177405536,0.0
232.72512173620888,10.0,9.0,0.33416313233685035,0.0
54.69099049385828,18.0,1.0,0.02425157042658728,0.0
3880.1461461842973,2.0,25.0,0.8961982277019404,1.0
3389.6524086812333,1.0,38.0,0.7040103049778187,1.0
32.54129459065885,18.0,6.0,0.3898367245341319,0.0
82.0660056552286,6.0,8.0,0.020760377434923608,0.0
1686.717143393214,3.0,36.0,0.9143923824726172,1.0
224.36271179162725,7.0,3.0,0.23617243592907733,0.0
449.4263208539458,6.0,4.0,0.21698840138506245,0.0
408.321494473738,7.0,9.0,0.1710007325312447,0.0
490.2159618898838,12.0,9.0,0.16637756183274202,0.0
4239.497783418539,3.0,40.0,0.9936872521123312,1.0
194.36719691014872,21.0,5.0,0.21089306430156507,0.0
454.1136486964206,8.0,1.0,0.1992944001997092,0.0
447.1028120367855,14.0,4.0,0.28404402256868266,0.0
332.75987949328305,8.0,3.0,0.012568728604509173,0.0
1806.5092801909782,23.0,46.0,0.7276285759698706,1.0
329.46101715627424,15.0,5.0,0.274962545654495,0.0
66.77583916731356,13.0,2.0,0.21276508260970536,0.0
35.224588112494786,19.0,9.0,0.37964485723577623,0.0
274.9112095889522,16.0,6.0,0.05184026047817678,0.0
27.97476941639297,15.0,4.0,0.0629305120007313,0.0
3889.0102735722653,3.0,43.0,0.7612073997215736,1.0
456.3543204019828,6.0,1.0,0.013047179336626602,0.0
94.86891625590744,6.0,2.0,0.32932377192828716,0.0
451.5674251405846,16.0,9.0,0.22079612084828845,0.0
3382.554962431377,1.0,23.0,0.761332172184864,1.0
175.4314339877777,6.0,4.0,0.28435388667292766,0.0
1537.658707755897,3.0,40.0,0.8350349579424433,1.0
48.44362685771032,17.0,8.0,0.15404804796100002,0.0
1265.98506946711,2.0,20.0,0.7516331808468333,1.0
133.69410272857016,20.0,6.0,0.0475497564708288,0.0
193.52465823520762,20.0,9.0,0.32014195160936265,0.0
210.38694276299225,15.0,4.0,0.30831224730555196,0.0
2289.415379898892,1.0,40.0,0.8643354083149958,1.0
339.0708658404718,16.0,1.0,0.2544169875119873,0.0
3575.998172956063,0.0,47.0,0.8243548194450376,1.0
498.35205016621364,21.0,1.0,0.33586386228351617,0.0
281.3885993566472,17.0,9.0,0.31253953624576253,0.0
166.82430450499976,16.0,9.0,0.3107712041308902,0.0
260.9255985666477,18.0,7.0,0.2560793246238495,0.0
219.2828164268656,19.0,2.0,0.2938311692485653,0.0
176.99373472397875,18.0,3.0,0.18936035259796502,0.0
397.87373142566577,6.0,3.0,0.289992467969621,0.0
280.4343509994979,6.0,2.0,0.038021218213077114,0.0
3332.166243878769,23.0,29.0,0.9958740015854204,1.0
68.60118050976783,15.0,2.0,0.3341920945529311,0.0
3306.0659020570142,3.0,49.0,0.8395165744901933,1.0
65.60202540788865,18.0,4.0,0.30503855787767015,0.0
260.5577754418595,13.0,7.0,0.23330660712521817,0.0
1819.9371816632838,3.0,48.0,0.7635682991320327,1.0
493.57459893425346,8.0,5.0,0.338855795877514,0.0
28.300612487115064,13.0,4.0,0.046409072539267716,0.0
118.83282713065782,6.0,6.0,0.05919365894633391,0.0
35.32404337261777,14.0,8.0,0.07312289466276019,0.0
38.2037924081557,12.0,6.0,0.2760386232951374,0.0
281.63348573058636,19.0,9.0,0.2590852684251686,0.0
149.57184224495913,14.0,8.0,0.2723023571841942,0.0
252.26594930426492,14.0,3.0,0.27599989492357735,0.0
234.97652055674803,11.0,4.0,0.2562542371210346,0.0
168.36943669017006,18.0,6.0,0.052948951613988986,0.0
390.801988804444,16.0,4.0,0.2636455057878106,0.0
54.241987326660066,11.0,9.0,0.17738233455276164,0.0
300.2831387424008,15.0,9.0,0.03375695221781694,0.0
2589.149162241469,0.0,38.0,0.7687515853642486,1.0
320.2197140639013,14.0,5.0,0.3962184131080534,0.0
377.8012283040206,16.0,5.0,0.08283796727062849,0.0
1839.6223723823432,0.0,34.0,0.7229907419425746,1.0
299.5375421622385,13.0,5.0,0.3984491798557765,0.0
4959.840929559781,23.0,44.0,0.7309364087224227,1.0
481.5991745216345,9.0,6.0,0.015192625315941389,0.0
120.98292984698959,7.0,1.0,0.11937396494475068,0.0
38.460969962417735,13.0,2.0,0.16169589185768368,0.0
4598.298293098274,23.0,44.0,0.9817171287901562,1.0
484.9582424533585,19.0,4.0,0.38406711389149817,0.0
409.5760999428687,15.0,1.0,0.22387537793517598,0.0
3361.179770059231,2.0,27.0,0.7611001413318055,1.0
4683.36753046949,23.0,48.0,0.9362120035015317,1.0
326.28142499451224,17.0,2.0,0.3368922985375792,0.0
28.07460420372107,21.0,5.0,0.18671283089247517,0.0
3023.554715537864,2.0,40.0,0.8116601175475657,1.0
105.6690640210418,14.0,8.0,0.06093183578581418,0.0
332.23031722716826,21.0,5.0,0.0403764799910086,0.0
4199.42102378926,2.0,36.0,0.9294402917377832,1.0
352.0992398696751,19.0,4.0,0.38193879721538726,0.0
68.73402999350458,19.0,1.0,0.3410231127606214,0.0
4197.663515875916,1.0,34.0,0.8050608973272191,1.0
4189.181463118215,0.0,34.0,0.8640627897628134,1.0
333.39218255674774,8.0,7.0,0.2108904723359201,0.0
252.6366859545224,12.0,3.0,0.3446969979673182,0.0
151.42897108772533,9.0,7.0,0.31410752460640606,0.0
122.111101090895,12.0,5.0,0.3354196859611313,0.0
72.7424610893085,7.0,8.0,0.050142590316954255,0.0
53.36132600544055,7.0,5.0,0.06625133881130614,0.0
448.8063819631382,6.0,4.0,0.08199248381072657,0.0
193.39268992049895,17.0,6.0,0.3455846322940041,0.0
3133.844367905286,0.0,38.0,0.917717773109231,1.0
1547.2745236758456,2.0,21.0,0.8987451840824825,1.0
233.47429226634762,18.0,9.0,0.3280050516477424,0.0
435.6135728128355,6.0,5.0,0.27932446289102913,0.0
73.28811342423253,16.0,7.0,0.32926433228354374,0.0
499.86165991020397,19.0,9.0,0.1305353723727949,0.0
405.03862709860005,16.0,3.0,0.32140724337397375,0.0
66.27004412220973,17.0,8.0,0.04647638261017839,0.0
2074.7094375397846,3.0,30.0,0.9854326086177043,1.0
242.34517625278934,21.0,2.0,0.23167010214988887,0.0
389.8150834469461,20.0,7.0,0.1480209338697021,0.0
413.0432490323528,19.0,7.0,0.023081171366359544,0.0
194.4670497702443,20.0,9.0,0.3608945613848953,0.0
4473.871903591651,3.0,25.0,0.9941306710811115,1.0
3170.897773390385,1.0,23.0,0.9734563879975949,1.0
439.9128052446982,11.0,3.0,0.3295112360404661,0.0
2596.010815480521,3.0,49.0,0.9500929402431875,1.0
4040.911439558746,3.0,33.0,0.874654969027777,1.0
93.73491782113226,17.0,1.0,0.2422019066463506,0.0
1563.4280815191994,0.0,40.0,0.7843114244143085,1.0
493.7653033643228,11.0,5.0,0.38974889547170305,0.0
379.1553107768814,20.0,9.0,0.3979925477300372,0.0
221.65305913463672,14.0,4.0,0.06873939253083781,0.0
4718.116576991303,23.0,28.0,0.8550369817384474,1.0
317.5034592411911,13.0,4.0,0.3137683432013671,0.0
453.0377603019367,17.0,3.0,0.024532382257313048,0.0
59.55011130016722,20.0,7.0,0.3796284785259376,0.0
453.6218145584712,10.0,9.0,0.2301421613006224,0.0
41.143591640151584,11.0,5.0,0.3702549320101343,0.0
142.961025569209,19.0,1.0,0.13590753086044716,0.0
141.92918316519666,11.0,2.0,0.36262888426886514,0.0
434.8654361042508,6.0,4.0,0.23739430519037388,0.0
27.611714160403622,13.0,9.0,0.36287992862424895,0.0
200.20326384119574,21.0,5.0,0.15905903183681447,0.0
44.57868622621062,11.0,7.0,0.13209711173456215,0.0
15.563285936035344,8.0,1.0,0.2090158866928213,0.0
353.96376985627467,18.0,5.0,0.0330861846097414,0.0
417.8968939922066,11.0,7.0,0.35521562574404714,0.0
463.09987295649574,20.0,4.0,0.37170295920289176,0.0
105.93765604675525,18.0,5.0,0.030553977996582396,0.0
3687.5709743949137,0.0,43.0,0.9221878446683112,1.0
461.22747626058845,9.0,2.0,0.06361000149610452,0.0
190.18074349912243,18.0,4.0,0.04517265707440452,0.0
204.30596333742238,6.0,4.0,0.08143135101854418,0.0
3654.6846614505926,1.0,48.0,0.9187704228740929,1.0
375.2653423503217,18.0,4.0,0.19290574450087689,0.0
185.49973183609185,14.0,7.0,0.23752099232384621,0.0
251.38286605650612,7.0,8.0,0.3036275757033503,0.0
270.73560778000467,17.0,7.0,0.2197239085920416,0.0
348.55949167020833,9.0,7.0,0.10241902604198172,0.0
84.9009782003227,10.0,3.0,0.20060618459189353,0.0
267.0105808894248,8.0,9.0,0.06512601987074551,0.0
127.6713532013146,15.0,9.0,0.3272106996554772,0.0
2634.9366843923854,3.0,23.0,0.7039753100511731,1.0
390.4423507635785,20.0,6.0,0.24131672228597723,0.0
272.52959519663165,17.0,8.0,0.18239171030397477,0.0
482.1737887737339,13.0,1.0,0.18157873924334283,0.0
62.514285556490265,15.0,1.0,0.12479360813056739,0.0
1714.1786482173345,1.0,28.0,0.7890360046059551,1.0
149.69663265998508,16.0,5.0,0.34027210424193854,0.0
166.29805884394304,9.0,6.0,0.2956106231151835,0.0
475.79750199940247,15.0,5.0,0.39266132954097915,0.0
356.3600984853324,12.0,9.0,0.042103674078804956,0.0
405.9789859865643,6.0,3.0,0.20297854644789687,0.0
104.22161921624868,8.0,3.0,0.30153188022768745,0.0
3412.608437865553,0.0,33.0,0.9945122027563424,1.0
495.3475195803299,7.0,4.0,0.35978208501844067,0.0
454.7075722237856,21.0,6.0,0.191151379208897,0.0
320.36784069010747,18.0,8.0,0.27095492860748677,0.0
171.04562723125883,7.0,8.0,0.3239440749442345,0.0
239.65964829953543,21.0,1.0,0.27181997085356335,0.0
239.64371457712187,16.0,3.0,0.08764699178797537,0.0
54.730471625205446,21.0,4.0,0.3388777756134327,0.0
382.78467382227973,19.0,9.0,0.14992142711271855,0.0
1557.4242962912965,23.0,45.0,0.9019739318063594,1.0
241.38531332935514,18.0,7.0,0.052019113004455476,0.0
429.17568616539353,12.0,9.0,0.2728775522506442,0.0
1985.6081329564272,2.0,49.0,0.864409706999272,1.0
2949.7247929980545,23.0,36.0,0.8536854271730455,1.0
3102.760729210743,1.0,40.0,0.7665701382353118,1.0
235.78159633603562,20.0,4.0,0.14468410194383227,0.0
179.37696882869298,17.0,7.0,0.30499315379022124,0.0
401.7110954654309,13.0,8.0,0.28339587899711893,0.0
387.77391817773486,12.0,2.0,0.17765108526630066,0.0
485.2558275593772,10.0,1.0,0.2585800360498428,0.0
430.6222484030758,9.0,6.0,0.2686569126184119,0.0
282.16153574528744,7.0,2.0,0.057525740125925484,0.0
455.5669970186032,8.0,6.0,0.09051164328569272,0.0
26.850375346457014,14.0,6.0,0.2361142171812639,0.0
131.38818485556715,7.0,5.0,0.014375469968621336,0.0
101.39407009592857,20.0,9.0,0.32263573693051084,0.0
48.089972112842574,15.0,9.0,0.360553238656774,0.0
3863.8889153895902,2.0,32.0,0.8233280826641319,1.0
94.43673688879862,18.0,2.0,0.16578788621573734,0.0
3480.291023714054,3.0,33.0,0.7661451080419912,1.0
25.400300986499783,12.0,7.0,0.01237505789253679,0.0
226.34994567295473,12.0,6.0,0.19892497846758897,0.0
468.99769448099994,16.0,1.0,0.3886132169562355,0.0
408.27178795617624,17.0,4.0,0.35906986907118266,0.0
153.67327813205162,19.0,8.0,0.25712756592006974,0.0
2493.2372651190117,0.0,26.0,0.803434426021794,1.0
1078.8421510174567,0.0,21.0,0.9588917196960888,1.0
410.36531476514716,6.0,5.0,0.172216083802876,0.0
199.50031968726333,9.0,8.0,0.01231601986417914,0.0
466.0710895457467,17.0,5.0,0.023886595588355732,0.0
2072.2545632915053,23.0,33.0,0.7982656495540397,1.0
3445.816941738591,23.0,22.0,0.7999104615416195,1.0
1331.1946717005058,3.0,32.0,0.8636755548007443,1.0
465.39423467251703,19.0,2.0,0.14234190370368457,0.0
439.96128662825595,11.0,3.0,0.27023203678010393,0.0
3075.6708211313503,1.0,30.0,0.8437780269743612,1.0
4759.328494453901,1.0,42.0,0.8882459715352837,1.0
351.05460037073675,11.0,8.0,0.22531557238152589,0.0
230.76662630194582,21.0,6.0,0.30524334544052334,0.0
29.957113136295366,17.0,6.0,0.020879451617988654,0.0
99.86820982818257,13.0,4.0,0.055548530558606805,0.0
477.8839875249651,16.0,7.0,0.34790527067268434,0.0
4575.570332203831,0.0,22.0,0.8851747062546177,1.0
55.90063623576531,11.0,2.0,0.2726994576360645,0.0
77.38526263153669,13.0,5.0,0.0882981953811127,0.0
1300.551126943235,1.0,27.0,0.7286114806819175,1.0
153.15087778225688,15.0,4.0,0.33160709301819646,0.0
22.990542165394686,19.0,5.0,0.10667007866479104,0.0
130.519286908409,21.0,5.0,0.028356630356514145,0.0
2813.1553389921105,2.0,40.0,0.769535077086805,1.0
250.89177880724785,19.0,5.0,0.01720278074677579,0.0
383.1402095415614,21.0,7.0,0.30443532240955024,0.0
427.56893515608465,14.0,6.0,0.18400095823231957,0.0
1705.5479460248932,3.0,48.0,0.9138880023576417,1.0
450.2915523782688,12.0,8.0,0.3748364113835179,0.0
359.5412970834307,8.0,6.0,0.3058876565905117,0.0
285.02582680905317,7.0,5.0,0.18960257139326236,0.0
380.0172552800733,21.0,9.0,0.3299151425111147,0.0
46.5298154030877,7.0,6.0,0.040503965846063576,0.0
191.53133036777717,9.0,1.0,0.13784163377902386,0.0
293.35726908812524,7.0,8.0,0.2287236654428615,0.0
1594.6509110124518,3.0,32.0,0.8338603662932631,1.0
51.212334996348744,19.0,1.0,0.38492408119511373,0.0
249.83185253600587,14.0,2.0,0.12097899131575196,0.0
367.21351234008375,12.0,5.0,0.06694389325545118,0.0
1657.0631917239716,23.0,43.0,0.8924895726482064,1.0
493.14052127320673,10.0,7.0,0.054799625221468556,0.0
269.52878339444317,15.0,4.0,0.32791912199389106,0.0
406.9555633927986,18.0,4.0,0.28601548754027356,0.0
147.57845759601935,8.0,9.0,0.0088107684895268,0.0
147.67196290019285,7.0,5.0,0.018422693675982548,0.0
101.41932885415756,17.0,7.0,0.21793106301807474,0.0
4318.967214828806,3.0,24.0,0.7856526340355534,1.0
467.0369568434665,11.0,8.0,0.15452926923058638,0.0
4679.422465651041,1.0,24.0,0.8796536200238316,1.0
324.02862495357516,15.0,3.0,0.16230046744602442,0.0
410.8272353020216,14.0,4.0,0.12019575424017295,0.0
403.7993176805661,10.0,3.0,0.33227540420803076,0.0
446.6601257120548,17.0,2.0,0.30923561667898647,0.0
128.78076888338933,17.0,1.0,0.2933946985968416,0.0
106.03160258538115,16.0,9.0,0.25829620403824494,0.0
2763.0509877529125,1.0,25.0,0.9710675330297591,1.0
3496.595631396536,23.0,22.0,0.8640055765297866,1.0
43.98703742883107,11.0,7.0,0.15303212942825417,0.0
186.15066409768002,18.0,4.0,0.041099300980969346,0.0
162.73842728381138,7.0,2.0,0.23170654152821074,0.0
316.6713586999758,21.0,8.0,0.335306143818282,0.0
181.11269156020384,15.0,5.0,0.3978594566239992,0.0
2784.023091831823,0.0,49.0,0.8172265456988911,1.0
2993.471090957919,2.0,28.0,0.7034477419894346,1.0
2569.7804296905415,1.0,27.0,0.8750670901974456,1.0
263.981529658231,7.0,8.0,0.3527968678886544,0.0
191.61465206277654,13.0,4.0,0.19253335061426596,0.0
491.36552228521714,18.0,2.0,0.007918263338901754,0.0
365.78475352410413,14.0,2.0,0.37759292214528384,0.0
242.0011676824772,16.0,4.0,0.2667466642203687,0.0
3876.183620736982,0.0,38.0,0.9827637819030716,1.0
146.5367674759396,20.0,4.0,0.20516096645887905,0.0
121.68822964555143,15.0,3.0,0.31295533178403495,0.0
3333.567179064482,1.0,20.0,0.9733504855540237,1.0
485.0964676046337,7.0,2.0,0.004923881206430236,0.0
89.83786926990055,21.0,7.0,0.2944801700243048,0.0
3166.536858643468,23.0,39.0,0.9329467907953054,1.0
253.65176788726887,19.0,5.0,0.21972899176126962,0.0
15.955692598010007,17.0,4.0,0.386821072570414,0.0
379.72600830149435,9.0,8.0,0.09566351111289723,0.0
190.76768338918848,11.0,8.0,0.056868178681558225,0.0
279.12106570599906,12.0,8.0,0.22082774586135115,0.0
152.70227869704053,17.0,8.0,0.25515083706545355,0.0
1452.952183363021,2.0,28.0,0.9595580042193432,1.0
1613.4056124643207,23.0,33.0,0.8791287310560159,1.0
2803.3574856165287,0.0,41.0,0.8000820367087129,1.0
15.310449225346197,20.0,7.0,0.2478938285732357,0.0
131.20056985416687,11.0,7.0,0.1603767049892187,0.0
100.4152994846249,12.0,8.0,0.05005010285669878,0.0
345.2741829909569,19.0,2.0,0.16155914566804952,0.0
95.43955021244581,12.0,4.0,0.1247596320017122,0.0
464.87609566798545,15.0,8.0,0.07513714101510965,0.0
3950.0049924389937,1.0,24.0,0.8222898573938967,1.0
88.73387289718228,13.0,8.0,0.125145264342052,0.0
1557.088290653549,23.0,44.0,0.8625970224669297,1.0
3259.3645330504655,1.0,48.0,0.8896649793261847,1.0
492.9687225141943,13.0,7.0,0.1965672710114227,0.0
275.8958710067125,18.0,2.0,0.16895380887372236,0.0
96.73513729560594,11.0,8.0,0.10753869698113734,0.0
180.64517884141716,6.0,1.0,0.14487050191949133,0.0
3010.8815603699168,2.0,39.0,0.8836774452285534,1.0
267.13065149979656,7.0,7.0,0.06172862611323176,0.0
431.7579857956083,20.0,2.0,0.13032924702577994,0.0
333.4967145916883,15.0,3.0,0.28786152664421216,0.0
282.8326186045916,17.0,7.0,0.12127762378441842,0.0
187.9103252353312,21.0,3.0,0.3809868466751387,0.0
2154.7749470827994,1.0,27.0,0.996765326187325,1.0
55.620356224890614,7.0,7.0,0.29322047594399736,0.0
437.01568919198166,19.0,6.0,0.09401488592153005,0.0
39.928200328883236,19.0,7.0,0.07207830165125917,0.0
111.10352201883833,21.0,5.0,0.3796834507482049,0.0
177.12251201462666,9.0,7.0,0.29361190503572254,0.0
270.3637694683925,18.0,2.0,0.11137576330017383,0.0
4154.388844898123,23.0,29.0,0.9218224689493936,1.0
2886.3047542006334,2.0,31.0,0.8559112788683453,1.0
3964.4825971602363,1.0,25.0,0.9776566623555643,1.0
282.8138175768256,10.0,2.0,0.03356781432857177,0.0
3387.371395667557,0.0,26.0,0.949410311866591,1.0
407.17113208309814,11.0,5.0,0.350942244882104,0.0
3912.7550248144134,0.0,44.0,0.7311035742202829,1.0
334.63591933345117,13.0,7.0,0.18004934447277288,0.0
2518.7696326690675,2.0,22.0,0.9260783892237259,1.0
383.1936115110716,16.0,5.0,0.1764894854621306,0.0
3999.841881596711,23.0,33.0,0.9227592498521264,1.0
18.128036174649516,19.0,3.0,0.0012671394322806952,0.0
159.0786990501735,14.0,6.0,0.04629504267148215,0.0
214.93908778240325,14.0,4.0,0.3969769157499116,0.0
277.888036878207,12.0,1.0,0.03954944705625416,0.0
4747.318957299032,2.0,40.0,0.8825226807640053,1.0
2096.220882748824,1.0,28.0,0.9622512046471078,1.0
22.919817503653483,17.0,8.0,0.3389086670887438,0.0
1701.4851144937984,3.0,42.0,0.7046524991879776,1.0
318.40533268627865,6.0,9.0,0.34208279400734803,0.0
56.05115052202581,13.0,8.0,0.34661919269963476,0.0
1497.188893942179,23.0,32.0,0.864881880559227,1.0
3635.6957676406055,3.0,22.0,0.9165787682547039,1.0
129.55492525575096,18.0,8.0,0.09689248712982677,0.0
107.84015325759627,20.0,1.0,0.21299707977485866,0.0
2675.0820995682925,3.0,26.0,0.762386907786817,1.0
412.7114290522745,16.0,1.0,0.30434173780579826,0.0
3660.1466981850217,3.0,26.0,0.8943322698851026,1.0
471.3177563004973,17.0,8.0,0.08792213952927602,0.0
319.2579267386588,9.0,6.0,0.2667417684057071,0.0
57.859335863128095,12.0,8.0,0.34073649474957907,0.0
2422.6908658597968,1.0,31.0,0.7694645307895146,1.0
44.882437745512206,7.0,4.0,0.13672148219687302,0.0
481.97904432589957,13.0,6.0,0.381158718399131,0.0
2188.4868624927003,23.0,31.0,0.7128512665357339,1.0
1268.3059095537099,0.0,31.0,0.7764646746744647,1.0
1253.499881891071,1.0,22.0,0.993131269915472,1.0
3654.1494880668424,23.0,43.0,0.9240329918601153,1.0
176.12459761386333,6.0,6.0,0.0802604069615045,0.0
1820.5585619280287,23.0,28.0,0.9484350487019029,1.0
2603.052243501304,23.0,39.0,0.7232922327966343,1.0
408.75955965640486,19.0,5.0,0.19261973611034172,0.0
2904.2016087963984,0.0,27.0,0.7210010536399197,1.0
1898.419291759928,0.0,31.0,0.7084933823208003,1.0
136.5397502664896,15.0,6.0,0.2926898946256852,0.0
3265.618561187589,1.0,27.0,0.8339160670789584,1.0
320.4295582728384,16.0,2.0,0.3577810227296929,0.0
2037.69373372517,3.0,36.0,0.8235594221252488,1.0
80.99848732469931,6.0,6.0,0.19677244004229164,0.0
1610.1561716570454,1.0,23.0,0.7760071510178984,1.0
3360.9226674763486,0.0,34.0,0.7043884776633027,1.0
4176.1007570811835,1.0,38.0,0.9818954533880524,1.0
88.99843075446216,18.0,6.0,0.28360548971481275,0.0
486.7751718286983,20.0,3.0,0.1913039536780894,0.0
387.0515372640491,18.0,8.0,0.028844437171774075,0.0
259.19963867070436,7.0,7.0,0.3920435969655068,0.0
396.9128899693314,8.0,3.0,0.21552520361584762,0.0
378.66351942446323,9.0,2.0,0.1349360564068094,0.0
1467.5921628334563,2.0,25.0,0.7151466833237223,1.0
47.17303077324532,19.0,8.0,0.10112544243568022,0.0
3775.7937778684,3.0,48.0,0.7150055730463336,1.0
49.31453537420468,15.0,2.0,0.09900402925616479,0.0
274.27769853866886,21.0,9.0,0.233193770465841,0.0
448.4654017095479,9.0,8.0,0.1571896901381165,0.0
127.38532642681649,20.0,2.0,0.30184848863943675,0.0
414.9641583927934,18.0,4.0,0.2245174171793611,0.0
1043.983314633922,23.0,28.0,0.8531685386228014,1.0
335.11586686294737,9.0,5.0,0.28001370910884177,0.0
326.4994482524846,8.0,9.0,0.09069095293198531,0.0
4844.281269877821,1.0,27.0,0.9479464270587288,1.0
1993.9565592578629,3.0,47.0,0.8494121179170606,1.0
304.54635575417234,10.0,6.0,0.2999403057745865,0.0
4702.274051627105,23.0,33.0,0.9399156291894584,1.0
159.26074689495164,15.0,6.0,0.15495703426746374,0.0
217.86878453101838,11.0,3.0,0.2546154587013418,0.0
273.18220549108844,18.0,3.0,0.17183837743042588,0.0
165.29178252657604,7.0,5.0,0.1852690867005367,0.0
322.3406517341212,18.0,5.0,0.27044329256576444,0.0
2535.564885492846,0.0,27.0,0.7020046387671663,1.0
393.98997624316013,6.0,5.0,0.08022410042919317,0.0
247.41626274360044,21.0,1.0,0.01234316172322898,0.0
3660.7888827848005,3.0,25.0,0.8119779443388276,1.0
4422.785872425143,2.0,41.0,0.7364486173263296,1.0
78.64116746589677,15.0,3.0,0.06344965781055119,0.0
29.26294852213848,13.0,9.0,0.31229274128036044,0.0
115.75230347345315,16.0,2.0,0.05564633955643501,0.0
319.6002339632016,15.0,4.0,0.36256838556577475,0.0
455.05028412366033,14.0,4.0,0.03746896828236408,0.0
2848.023214576531,0.0,39.0,0.8274314591275158,1.0
19.83488691108592,12.0,6.0,0.3128685052364985,0.0
1972.6887639978163,1.0,25.0,0.9197241594438006,1.0
264.88011554487673,13.0,6.0,0.3517986282912506,0.0
3610.984431407499,2.0,20.0,0.8624108830471806,1.0
475.7016271975138,9.0,8.0,0.323231712942332,0.0
256.3127213821421,10.0,4.0,0.38784309073923817,0.0
308.68652365014947,6.0,2.0,0.013784503770000001,0.0
4753.361827284151,23.0,37.0,0.7431825740716692,1.0
4339.720947197196,3.0,26.0,0.822435717047777,1.0
2507.7777176996306,0.0,38.0,0.7006055553244701,1.0
289.6813692877668,17.0,2.0,0.35173640807061124,0.0
193.5601811669709,17.0,1.0,0.36442748110695344,0.0
295.8506948976082,7.0,5.0,0.005676019758306872,0.0
371.56948918092655,10.0,1.0,0.2921985443835161,0.0
410.43887809859575,18.0,2.0,0.25301764398633114,0.0
63.92544301856161,14.0,2.0,0.08292360127502318,0.0
4592.217157762855,23.0,34.0,0.9617907407640506,1.0
256.6744627188799,7.0,8.0,0.05197654890717649,0.0
157.43037181021714,10.0,2.0,0.023096420747669513,0.0
1665.1334750243177,23.0,38.0,0.922924461889414,1.0
449.5840273767628,13.0,2.0,0.0009270191619255464,0.0
348.293466028389,17.0,7.0,0.2240366789773582,0.0
399.93840802368953,8.0,6.0,0.3723549488243234,0.0
186.4934142915188,21.0,9.0,0.22585162039890527,0.0
60.530695729606975,18.0,7.0,0.21229494211473435,0.0
165.8217027362133,20.0,2.0,0.3267027720478113,0.0
439.8962831566807,11.0,4.0,0.01221978283735199,0.0
89.19806990636074,20.0,7.0,0.0022663258118269082,0.0
356.05869130668316,16.0,9.0,0.21874385639005048,0.0
219.81023267548403,14.0,6.0,0.2879165813418744,0.0
229.7383057693767,7.0,4.0,0.06555240951219288,0.0
4937.608722814209,2.0,40.0,0.9656859292725319,1.0
3279.558739485266,3.0,26.0,0.9670171076395757,1.0
4269.774246953763,2.0,48.0,0.9614405264129602,1.0
2675.7017980181918,0.0,48.0,0.8226331783687396,1.0
1952.731124186906,2.0,27.0,0.8035689861009917,1.0
260.2661782630072,9.0,2.0,0.18457820475492506,0.0
128.81054678101754,7.0,5.0,0.15489490847123838,0.0
257.57366249945,12.0,6.0,0.2578364698969375,0.0
1726.3908672057028,23.0,49.0,0.7047439588698886,1.0
1442.5269478208288,23.0,42.0,0.8538179182785328,1.0
4508.802163252433,3.0,40.0,0.901616811625676,1.0
2637.6466087649615,2.0,35.0,0.8726228161858445,1.0
426.1194711421472,8.0,7.0,0.0024354992959356283,0.0
167.81879113575735,17.0,7.0,0.04975313249652973,0.0
2744.5061165412667,3.0,39.0,0.9835342566268026,1.0
3510.8322122856716,2.0,41.0,0.8156840538596943,1.0
4737.46805907606,1.0,48.0,0.7618652215252419,1.0
1560.45270306581,2.0,48.0,0.8317286695752485,1.0
312.94483804984503,9.0,7.0,0.02075811980736435,0.0
1101.5454226413794,1.0,41.0,0.7887828666575969,1.0
1606.6995189310046,3.0,38.0,0.764400359191761,1.0
148.19694055994017,15.0,8.0,0.2424586259733919,0.0
3930.288388841001,23.0,32.0,0.911990279040279,1.0
365.6025591102964,9.0,2.0,0.11021917568779337,0.0
354.21720115368356,21.0,5.0,0.16097865497346758,0.0
2340.7889665836037,23.0,22.0,0.8605076513796799,1.0
493.45339346557597,19.0,1.0,0.22434978534504704,0.0
295.99149480692734,17.0,6.0,0.0001771125748831537,0.0
465.5518496478608,19.0,2.0,0.0708683701087462,0.0
218.46385492204422,10.0,9.0,0.39281981480638506,0.0
292.68290346691595,7.0,9.0,0.1605224096878849,0.0
4784.461848534531,0.0,42.0,0.9653129641068914,1.0
188.49223191355696,14.0,5.0,0.252863799674583,0.0
449.41505806694835,17.0,4.0,0.25119735304163926,0.0
344.6733189740149,9.0,4.0,0.13283974615725458,0.0
4083.6488149832876,2.0,45.0,0.8119723469137701,1.0
1712.1438674790056,0.0,20.0,0.9161696645933218,1.0
251.33366997124332,16.0,1.0,0.11700603642829673,0.0
4633.802245334513,3.0,28.0,0.7231435505618745,1.0
64.89906206234565,18.0,9.0,0.1562728443943757,0.0
94.91421683471442,14.0,5.0,0.001152500666245837,0.0
396.69390691759577,12.0,4.0,0.2824772731853435,0.0
166.4636824193033,8.0,3.0,0.12605881565302132,0.0
1052.0076940429442,1.0,45.0,0.7731188447573025,1.0
3726.010888895717,1.0,39.0,0.7569445908916468,1.0
470.7128182982292,15.0,8.0,0.35105880786031257,0.0
289.3299733437888,13.0,8.0,0.04798147720955597,0.0
1928.8507805872691,23.0,36.0,0.7639255026054425,1.0
376.2607596855407,11.0,5.0,0.26605847769536217,0.0
260.7219466366764,14.0,9.0,0.1741296885820945,0.0
194.03564679357257,13.0,1.0,0.22599374307010145,0.0
423.98890237503275,16.0,6.0,0.08930535420207852,0.0
370.18481146390405,6.0,7.0,0.21878530054855527,0.0
139.94916016404548,13.0,2.0,0.3368297749594317,0.0
4657.647783699839,0.0,28.0,0.7842645895558731,1.0
4479.585448248514,3.0,49.0,0.8234018399497431,1.0
31.148356855782296,20.0,7.0,0.3416887625363472,0.0
32.198964788301815,7.0,5.0,0.09675555342165838,0.0
89.68230027899673,12.0,2.0,0.036288680893972414,0.0
194.8692399212651,17.0,4.0,0.006424745992402459,0.0
2739.309354414985,0.0,42.0,0.827821293287829,1.0
3533.9128793045893,3.0,47.0,0.8834009806649941,1.0
4570.686844307899,3.0,44.0,0.9261595221510774,1.0
376.6472482879926,20.0,2.0,0.04881219772873946,0.0
1762.7508826546664,0.0,38.0,0.7648180348734299,1.0
3426.8601855314237,2.0,27.0,0.7874487222771168,1.0
446.35836756254855,8.0,1.0,0.039005730256358985,0.0
1341.3986723145754,1.0,34.0,0.7023893214236353,1.0
75.66746194081396,21.0,2.0,0.3095624887082661,0.0
1187.8638671002202,2.0,33.0,0.7545169879684469,1.0
464.0279363291323,18.0,8.0,0.07644748379840105,0.0
4488.495635776606,0.0,46.0,0.8149852718926603,1.0
169.33982779310605,18.0,4.0,0.15817370719716575,0.0
458.2835512080198,14.0,5.0,0.08585122930352114,0.0
85.63773048435914,13.0,4.0,0.39614471279934876,0.0
366.8260108198112,10.0,2.0,0.36749388424255097,0.0
420.7810653084575,16.0,8.0,0.05927117129197819,0.0
406.11470057706595,11.0,8.0,0.02695382191420901,0.0
477.485003356774,18.0,1.0,0.35555496960145194,0.0
342.00653730271836,16.0,9.0,0.023788627546912314,0.0
221.5131776525429,12.0,6.0,0.047396943507360234,0.0
3889.067727422637,0.0,25.0,0.9644987446998139,1.0
2888.2677804399973,3.0,39.0,0.9359073199184444,1.0
4987.497007383789,0.0,27.0,0.9773683166130415,1.0
1825.6850870424128,1.0,36.0,0.859473219032498,1.0
3092.2616990764773,23.0,33.0,0.8690979913086286,1.0
251.95984221855147,8.0,9.0,0.3979431892237286,0.0
17.126886177262143,6.0,6.0,0.3724039883541199,0.0
470.82470633292803,14.0,2.0,0.08770958476955029,0.0
3990.4375207050043,1.0,46.0,0.8347254235032839,1.0
432.55821728590513,18.0,4.0,0.1749927706432839,0.0
168.6028258380794,9.0,6.0,0.1525764165653246,0.0
67.5878609207814,17.0,3.0,0.07043818853223786,0.0
284.85960605233925,17.0,1.0,0.3306987072104988,0.0
1397.7655710373806,1.0,42.0,0.8242602776715491,1.0
59.72105600435573,8.0,1.0,0.35376971020079084,0.0
192.28886203846375,21.0,8.0,0.3749513752657283,0.0
1072.440735283362,0.0,28.0,0.9654892924541764,1.0
220.207073413759,16.0,5.0,0.23288350390729248,0.0
4049.834742962762,3.0,33.0,0.725290394383405,1.0
3008.7800413249706,0.0,31.0,0.8329919528551526,1.0
375.78078850783186,6.0,5.0,0.23081626578476433,0.0
86.44913381679389,13.0,7.0,0.21983346268885745,0.0
2368.32699486363,2.0,46.0,0.9583958877445272,1.0
113.60952342830687,18.0,5.0,0.3190189442148798,0.0
2031.5507417328092,2.0,20.0,0.9571926707082523,1.0
317.6711908505448,7.0,2.0,0.06883569171810376,0.0
2756.5396342808735,2.0,22.0,0.7748573100514745,1.0
65.64322017781822,13.0,6.0,0.013123849651443377,0.0
4367.315107033088,1.0,46.0,0.8291124249072379,1.0
337.6351777629712,6.0,4.0,0.09885262186455678,0.0
22.455372104606642,19.0,3.0,0.242750936630772,0.0
2696.522685209544,1.0,21.0,0.9312227592716655,1.0
4181.069247439561,1.0,46.0,0.8374066635004775,1.0
314.822483111658,14.0,4.0,0.004036242675609892,0.0
200.70882257973992,11.0,1.0,0.29025088010976635,0.0
161.6685319803006,14.0,9.0,0.20508809912505127,0.0
264.8333303771273,16.0,6.0,0.30374041030104526,0.0
41.87528056278696,12.0,2.0,0.08642054600467489,0.0
3564.590531541189,23.0,40.0,0.9455108699444011,1.0
3529.0571516781215,2.0,36.0,0.9359567147172541,1.0
324.595506615601,10.0,6.0,0.2531625322713737,0.0
472.0257549171344,8.0,1.0,0.3627771235339336,0.0
261.9748748226697,21.0,6.0,0.1795412286698833,0.0
1924.2991863522857,0.0,21.0,0.828882577639709,1.0
399.45753873540775,19.0,5.0,0.08444498846645448,0.0
446.229254106549,12.0,6.0,0.07115524961960938,0.0
1509.9546493279297,23.0,47.0,0.998878685957463,1.0
409.0895564685785,6.0,9.0,0.22825984955237397,0.0
150.40521354285937,18.0,2.0,0.15092546456252945,0.0
339.5340434777488,18.0,2.0,0.37895809983457873,0.0
211.09444522493413,8.0,3.0,0.07476577624338465,0.0
212.18266168659898,19.0,4.0,0.28405417271922634,0.0
99.12124135558096,12.0,6.0,0.08819537387564257,0.0
487.4534557564216,8.0,4.0,0.061522809856643115,0.0
188.17850516585406,19.0,3.0,0.14138429621871298,0.0
416.0813794844454,20.0,8.0,0.2068957526857328,0.0
485.24062508674314,7.0,7.0,0.15711751032373736,0.0
342.7601363807999,8.0,9.0,0.20043515210487883,0.0
13.406543960283445,12.0,9.0,0.3170085567851677,0.0
3380.311722801019,3.0,20.0,0.8049834818588919,1.0
301.1240505225462,10.0,5.0,0.3359264648582124,0.0
3322.3534011121737,0.0,22.0,0.8549273164655833,1.0
1981.3964387252838,1.0,32.0,0.8351435714411786,1.0
147.65790974681659,8.0,3.0,0.0026841561216239818,0.0
1498.6507248130674,3.0,35.0,0.7105023744420417,1.0
99.09423393147931,11.0,3.0,0.20086144398479477,0.0
339.3464182288805,17.0,3.0,0.2250846796089357,0.0
69.79873507394163,10.0,6.0,0.21701374741290058,0.0
145.91677966075503,21.0,7.0,0.10152843126267795,0.0
148.10883963896597,17.0,2.0,0.22723700493514692,0.0
282.04839768373654,19.0,5.0,0.25778811084841347,0.0
3975.785170290708,0.0,39.0,0.9228474924718949,1.0
169.44585209804117,19.0,1.0,0.2528359318024969,0.0
3344.919328067189,23.0,30.0,0.8784409644033369,1.0
470.35448136645266,19.0,4.0,0.010968123989063062,0.0
1108.383970013934,23.0,41.0,0.815441085166331,1.0
354.7923510962116,7.0,6.0,0.18726165652041216,0.0
4625.888443858188,3.0,33.0,0.8875614308591326,1.0
3923.469900814577,1.0,34.0,0.9069336547744363,1.0
3297.8924527196477,3.0,46.0,0.7205002314536813,1.0
265.89919742685413,17.0,9.0,0.3376994809623274,0.0
1207.2941472897076,2.0,25.0,0.9744193344869511,1.0
198.69788701494338,16.0,8.0,0.254836334832362,0.0
1559.089506505158,3.0,42.0,0.9087392432966335,1.0
328.11304803687113,11.0,3.0,0.08558281547529477,0.0
251.38630110252097,10.0,6.0,0.38120800847155967,0.0
4669.2543018489705,3.0,37.0,0.8159860517901503,1.0
3075.3522285042886,1.0,36.0,0.9621168760546674,1.0
3097.5610773103203,1.0,38.0,0.7955826888290821,1.0
153.86000368960174,17.0,5.0,0.07561580989101269,0.0
51.228582847573925,11.0,5.0,0.027611816355139852,0.0
319.82985699085395,10.0,2.0,0.2902865852879796,0.0
207.70660444407454,19.0,5.0,0.29069968966727866,0.0
1654.623771462818,23.0,21.0,0.8660137048380122,1.0
452.2509242729877,17.0,5.0,0.26038293404722906,0.0
2346.4171127756827,0.0,34.0,0.7034441979248133,1.0
46.16031672034544,13.0,8.0,0.18329386015713356,0.0
1018.5280920184115,23.0,33.0,0.9351962076068066,1.0
4385.809166938073,3.0,44.0,0.8315154940092284,1.0
132.15319228294874,21.0,3.0,0.21290301245959045,0.0
299.05966655877023,13.0,8.0,0.21868020822270734,0.0
405.34902224095936,7.0,4.0,0.06093111426507152,0.0
475.8500101408589,17.0,9.0,0.2650658052237422,0.0
4657.195226241996,0.0,30.0,0.909182625716157,1.0
1426.393012535087,3.0,24.0,0.8895966041188567,1.0
114.35243913936625,17.0,3.0,0.01816131258747702,0.0
432.9206786790408,6.0,8.0,0.054315618825574855,0.0
14.506555292148526,14.0,5.0,0.32367326845561245,0.0
483.1596962065341,10.0,5.0,0.3266892810234179,0.0
1599.6697093950952,3.0,39.0,0.9012026576146976,1.0
475.40195751304276,17.0,6.0,0.17774613969660577,0.0
444.9750495515669,18.0,5.0,0.09210036828420587,0.0
64.48676633001415,14.0,6.0,0.16266962799943327,0.0
480.98337627371797,19.0,2.0,0.3428518239425129,0.0
359.48994573926757,17.0,2.0,0.1481587945101226,0.0
57.93873871899073,18.0,2.0,0.03413653459372994,0.0
4585.343274084479,23.0,25.0,0.7500793212452505,1.0
181.7879038152325,15.0,8.0,0.1567295853134,0.0
311.7665480455861,13.0,8.0,0.039946728454471274,0.0
1917.0055809305659,3.0,33.0,0.9102602907584296,1.0
477.4250027312678,8.0,8.0,0.013467671285549088,0.0
114.04616423235531,21.0,8.0,0.23947696092763895,0.0
351.027360985912,18.0,4.0,0.2537696581146335,0.0
92.77818090536063,11.0,3.0,0.1076078587193242,0.0
96.94537645206418,13.0,3.0,0.11645769911407161,0.0
457.4878707526709,7.0,3.0,0.3582906903704692,0.0
167.18223183615055,13.0,3.0,0.23656270376899524,0.0
1052.3778263533345,23.0,21.0,0.982759392256035,1.0
2088.580548919851,23.0,36.0,0.9275505642749172,1.0
300.86030224148385,15.0,4.0,0.22359225363990964,0.0
1219.0465552881253,1.0,31.0,0.8498295309600505,1.0
296.31401284231913,20.0,8.0,0.15079421677051205,0.0
2336.9755632678434,1.0,47.0,0.9526976514249802,1.0
345.51827455140085,19.0,4.0,0.25417745826380905,0.0
2809.7580645307735,1.0,20.0,0.7630088048548844,1.0
191.37776312516775,7.0,7.0,0.16644857122843693,0.0
202.19958209886883,21.0,6.0,0.21280867159370073,0.0
1624.6103894647613,23.0,31.0,0.8377567701197686,1.0
76.82202303751718,9.0,7.0,0.11601167745956237,0.0
290.09021784025094,20.0,3.0,0.1333850374384042,0.0
128.50762254122134,16.0,3.0,0.1333629288636442,0.0
2007.196235627811,1.0,27.0,0.7088512165435618,1.0
245.75864990886058,7.0,9.0,0.1301015623698208,0.0
496.5527500984572,16.0,1.0,0.09281593156044239,0.0
136.37238525202054,12.0,3.0,0.351193798793934,0.0
310.573446008537,9.0,8.0,0.24881582494839752,0.0
32.16137156616365,15.0,7.0,0.017911380201867288,0.0
268.5735434522869,21.0,3.0,0.12399997486871572,0.0
354.99908636861954,11.0,2.0,0.18531746130911875,0.0
1146.1986713923795,2.0,45.0,0.9427973194855788,1.0
3174.2114444559543,3.0,43.0,0.9316903045496029,1.0
427.05696904325987,16.0,3.0,0.2105113841352811,0.0
78.3519917195005,16.0,1.0,0.2119966091705675,0.0
481.6977231921833,10.0,2.0,0.19038709240466237,0.0
68.22077897135524,15.0,3.0,0.3677549618290691,0.0
190.21373503243407,18.0,9.0,0.14490723483943646,0.0
401.16463769371984,21.0,3.0,0.1361482985223051,0.0
2532.55411299799,23.0,32.0,0.7125956286728764,1.0
449.6357213971301,14.0,6.0,0.21143124388887885,0.0
403.7056558885758,11.0,6.0,0.33190524811505795,0.0
3945.7769424988915,0.0,28.0,0.8282486951070277,1.0
290.9845651804102,12.0,7.0,0.21090607236610262,0.0
313.864972922753,18.0,3.0,0.3233101758223751,0.0
222.58730812660679,14.0,3.0,0.3128061339731869,0.0
4285.0292186880515,23.0,47.0,0.9451756934100464,1.0
399.6412354366648,20.0,7.0,0.3997864992862523,0.0
493.39247190856,11.0,5.0,0.2708609649830695,0.0
214.5313915429017,10.0,9.0,0.2923272114847235,0.0
126.24112795063729,8.0,2.0,0.126619866107148,0.0
2082.978692574215,23.0,47.0,0.8385530443825331,1.0
62.86679922671918,16.0,4.0,0.06063371714795199,0.0
56.27705077040491,21.0,9.0,0.17420305018887627,0.0
322.40316096405445,6.0,4.0,0.05882474022663536,0.0
37.5886050841003,6.0,5.0,0.18358539175091948,0.0
184.42661253911817,9.0,8.0,0.15789374153793126,0.0
358.96781846029256,7.0,1.0,0.1224549363518373,0.0
149.99892227811176,21.0,5.0,0.1420164225807833,0.0
449.08473696251167,17.0,3.0,0.060208596665365426,0.0
438.05352581232086,19.0,6.0,0.17952545829864242,0.0
309.8079184139659,20.0,5.0,0.2963925001098314,0.0
3130.3577302063436,0.0,34.0,0.9823817344725555,1.0
107.37068395174448,16.0,8.0,0.3366893446978705,0.0
211.08763228745858,8.0,6.0,0.0673347823676521,0.0
406.5869661844717,10.0,8.0,0.3132066549266932,0.0
4102.110466780043,3.0,27.0,0.7814496262545603,1.0
353.4748744149688,9.0,2.0,0.24836343608708322,0.0
164.03443072740006,18.0,2.0,0.3094155566138256,0.0
